
{
    "C0101":"この内容で、ユーザー登録を行いますか？",
    "C0102":"この項目のプロフィールを変更しますか？",
    "C0103":"ユーザーフォローを解除しますか？",
    "C0201":"この内容で出品しますか？",
    "C0202":"この商品をお気に入り登録しますか？",
    "C0203":"この商品をお気に入りから解除しますか",
    "C0204":"出品取り消しを行いますか？",
    "C0205":"下書きから出品を行いますか？",
    "C0206":"この出品を下書き保存しますか？",
    "C0207":"商品に対するコメントを削除しますか？",
    "C0208":"ポイント使いますか？"  ,
    "C0301":"選択した商品を購入しますか？",
    "C0302":"購入を確定しました",
    "C0303":"購入を取り消しますか？",
    "C0304":"カートから商品を解除しますか？",
    "C0305":"この決済方法で購入を確定しますか？",
    "C0401":"この譲渡に参加しますか？",
    "C0402":"この内容で、譲渡会の開催を決定しますか？",
    "C0501":"この内容で、里親募集にかけますか？",
    "C0502":"この内容で、迷子掲示板に投稿しますか？",
    "C0503":"この子の里親になりますか？",
    "C0504":"里親登録を行いますか？",
    "C0505":"この子をお気に入り登録しますか？",
    "C0506":"あなたはこの迷子ペットの飼い主ですか？",
    "C0601":"このコミュニティルームに参加しますか？",
    "C0602":"さんとチャットを開始しますか？",
    "C0603":"以下のメンバーでコミュニティルームに参加しますか？",
    "C0604":"このコメントを削除しますか？",
    "C0605":"このチャットルームから離脱しますか？",
    "C0606":"さんとのチャットを削除しますか？",
    "C0701":"以下の内容でコンテストに応募しますか？",
    "C0702":"このコンテストに参加しますか？"
}

