{
    "E0101":"の項目が未入力です", 
    "E0201":"メールアドレス・パスワードのどちらかが正しくありません",
    "E0301":"書式が違います。",
    "E0302":"そのユーザーネームはもう使われています。",
    "E0303":"ユーザーネームが短すぎます。",
    "E0304":"passwordが既定の文字数ではありません",
    "E0305":"passwordが一致しません。",
    "E0306":"英数字の組み合わせが適切ではありません",
    "E0307":"passwordに小文字の英語が入ってません。",
    "E0308":"passwordに数字が入っていません",
    "E0309":"そのpasswordはもう使われています",
    "E0310":"メールアドレスが一致しません",
    "E0311":"ドメインアドレスが違います",
    "E0312":"メールアドレスが確認できません",
    "E0313":"そのメールアドレスは登録されていません。",
    "E0314":"-がついていません",
    "E0315":"入力桁数が違います。",
    "E0316":"存在ない住所です。",
    "E0317":"プロフィール画像が選択されていません",
    "E0318":"ファイル形式が違います。",
    "E0401":"商品画像が正しい枚数選択されていません。",
    "E0402":"ファイル形式が違います",
    "E0403":"タイトルが入力されていません",
    "E0404":"カテゴリーが入力されていません",
    "E0405":"金額が入力されていません",
    "E0501":"購入する商品が選択されていません",
    "E0502":"決算の種類が選択されていません",
    "E0503":"その商品はもうほかのユーザーに購入されました",
    "E0504":"出品の出品期間が過ぎました",
    "E0601":"検索条件と商品が一致しません",
    "E0602":"検索項目が未入力です。",
    "E0701":"正しい書式で入力されていません",
    "E0702":"ペットの種別が選択されていません",
    "E0703":"必要な項目にチェックが入っていません",
    "E0704":"画像ファイルの形式が違います",
    "E0801":"このコメントは削除できません",
    "E0802":"不適切内容が含まれています",
    "E0803":"今現在このユーザーはこのサイトに会員登録されていません",
    "E0901":"この譲渡会はすでに開催されました",
    "E0902":"この譲渡会には、参加できません",
    "E0903":"このエリアでの、譲渡会開催はありません",
    "E0904":"譲渡会の参加人数が超過しましたので、参加できません",
    "E1001":"比較するアイテムがありません",
    "E1002":"このアイテムは大きすぎて入りません",
    "E1003":"商品とアイテムの対象ペットがありません",
    "E1101":"検索条件が一致しません",
    "E1102":"掲載期限が過ぎています",
    "E1103":"募集期間が経過しました",
    "E1104":"このペットはすでに、里親に引き取られました",
    "E1105":"この迷子ペットの飼い主が見つかっております",
    "E1201":"募集を終了しています",
    "E1202":"参加基準に満たしておりません",
    "E1203":"複数応募は禁止しております",
    "E1204":"参加人数の上限に達したため、募集が終了しました"

}
