{

    "L0101":"このサイトの評価をお願いします",
    "L0102":"取引相手のレビューをお願いします",
    "L0103":"商品掲載における評価・レビューをお願いします",
    "L0104":"里親募集に関する評価・レビューをお願いします",
    "L0105":"迷子投稿に関する評価・レビューをお願いします",
    "L0106":"バーチャルフィット機能に関する評価・レビューをお願いします",
    "L0107":"譲渡会に関する評価・レビューをお願いします",
    "L0108":"コンテストに関する評価・レビューをお願いします",
    "L0109":"問い合わせフォームはあなたにとって有益な情報を発信できましたか？"






}