{


    "M0101":"さんにフォローされました",
    "M0102":"さんがあなたの商品を購入しました",
    "M0103":"あなたの商品がお気に入り登録されました",
    "M0201":"フォローユーザーが新たな商品を出品しました",
    "M0202":"この商品に対してレビューが届きました",
    "M0203":"新たな商品がカテゴリーに追加されました",
    "M0301":"さんから新たなメッセージが届いています",
    "M0302":"さんがコミュニティに参加しました",
    "M0303":"さんがチャットルームを退出しました",
    "M0304":"チャットルームから退出しました",
    "M0401":"この子に新たな引き取り相手が見つかりました",
    "M0402":"里親になりたい人から連絡が連絡がきています",
    "M0403":"里親登録が完了しました",
    "M0501":"コンテストの応募が完了しました",
    "M0502":"コンテストの結果が届いています",
    "M0503":"新たなバッヂの詳細が届きました",
    "M0504":"プロフィール欄にコンテスト受賞歴を追加しました",
    "M0601":"譲渡会の詳細情報が届きました",
    "M0602":"譲渡会開催に当たっての注意事項を送りました",
    "M0603":"譲渡会にキャンセルが出ました"
    



}