{
    "N0101":"あなたにおすすめのユーザーです",
    "N0102":"ポイントの有効期限はもうすぐ切れます",
    "N0103":"今日のログインボーナスはこちらです",
    "N0104":"通算ログイン日数はです",
    "N0201":"さんが商品を出品しました",
    "N0202":"この商品の最新情報が届きました",
    "N0203":"この商品に対してコメントが届いています",
    "N0301":"掲示板に新たなペットが登録されました",
    "N0302":"迷子ペットの飼い主が見つかりました",
    "N0303":"あなたの条件に合うペットが見つかりました",
    "N0304":"今月は 匹のペットたちが新たなおうちに引き取られました",
    "N0401":"コンテスト応募期間が開始されました",
    "N0402":"コンテスト応募期間が終了しました",
    "N0403":"賞を受賞しました",
    "N0404":"新たなバッヂが付与されました",
    "N0405":"来月のコンテスト概要が届きました",
    "N0501":"新たな譲渡会の開催が決定しました",
    "N0502":"今月の譲渡会での引き取り件数は 件です",
    "N0503":"今週開催される譲渡会一覧です",
    "N0504":"過去の譲渡会での実績をまとめました"


}