{
    "R0101":"未読のメッセージがあります",
    "R0102":"取引相手から新たなチャットを受け取りました",
    "R0103":"ウォッチリストの商品の価格が値下げしました",
    "R0104":"サイトからあなたにメッセージがあります",
    "R0105":"さんがあなたに対してメンションしました",
    "R0201":"未完了の商品があります",
    "R0202":"いいね！されました",
    "R0203":"さんがこの商品を購入しました",
    "R0204":"カートの中に商品がのこっています。早めの手続きをお願いします",
    "R0205":"商品が期限切れになります。商品の更新・再出品をお願いします",
    "R0206":"お気に入りリストから商品が購入されました",
    "R0301":"が登録されてから1年が経ちました",
    "R0302":"保護団体からメッセージが届いています",
    "R0303":"里親募集の期限が近づいています",
    "R0401":"今週末譲渡会が開催されます",
    "R0402":"譲渡会の会場が変更されました",
    "R0403":"譲渡会は無事終了しました。次回も機会があればまた参加お願いします"

}
